QuestionId,SequenceId,QuizDevice
48,100412,8
53,100464,9
70,100662,8
84,100787,8
109,101062,7
151,101479,7
155,101516,9
156,101549,7
171,101748,7
196,102002,9
242,102481,23
292,103009,23
308,103161,23
332,103379,7
355,103663,23
364,103747,23
380,103928,9
387,104006,23
432,104443,8
480,104917,9
489,105030,8
493,105095,23
495,105116,9
502,105211,23
526,105580,8
531,105604,7
537,105638,9
538,105649,8
543,105717,7
566,105962,23
597,106310,23
600,106325,12
652,106834,23
757,107880,8
787,108138,23
800,108276,7
809,108345,7
814,108385,7
852,108819,9
856,108877,9
914,109347,7
951,109754,7
981,110067,9
1009,110553,7
1206,112418,7
1209,112466,9
1230,112697,23
1233,112727,9
1234,112734,7
1236,112761,8
1285,113218,8
1293,113381,7
1301,113464,23
1318,113634,8
1319,113643,9
1324,113695,7
1363,114177,9
1387,114538,7
1408,114770,9
1441,115027,8
1448,115108,7
1484,115397,7
1595,116421,23
1606,116588,23
1615,116674,9
1653,117118,8
1659,117155,7
1669,117235,8
1694,117465,8
1695,117466,7
1717,117656,23
1719,117664,8
1728,117732,23
1747,118056,7
1807,118582,9
1872,119332,9
1874,119365,9
1895,119659,7
1896,119671,9
1922,119944,8
1936,120066,23
1953,120255,9
1967,120379,23
1989,120547,23
2018,120817,9
2039,121083,9
2042,121108,9
2072,121435,7
2121,122010,8
2123,122019,7
2142,122194,9
2146,122210,7
2219,122894,7
2235,123149,8
2252,123348,7
2302,123827,9
2305,123868,7
2308,123887,9
2331,124109,7
2340,124206,9
2355,124334,8
2549,126224,7
2567,126446,7
2579,126556,23
2640,127112,9
2657,127264,8
2668,127362,7
2697,127679,7
2718,127869,23
2759,128280,9
2779,128469,9
2795,128718,9
2827,129164,8
2841,129272,9
2863,129586,8
2964,130638,8
3041,131538,8
3050,131643,9
3105,132113,23
3114,132175,8
3115,132189,9
3124,132263,9
3139,132387,8
3142,132413,7
3152,132471,8
3158,132547,7
3179,132738,8
3184,132771,9
3206,132970,9
3207,132985,9
3234,133237,8
3248,133372,9
3291,133769,23
3332,134172,7
3357,134436,8
3358,134438,7
3400,134820,23
3409,134878,9
3415,134934,7
3423,135030,12
3444,135224,9
3458,135381,23
3472,135561,7
3537,136094,9
3538,136111,9
3594,136640,7
3603,136708,9
3611,136803,8
3613,136843,8
3625,136976,23
3635,137088,23
3648,137235,7
3657,137331,8
3712,137932,7
3742,138285,7
3785,138728,23
3803,138913,7
3813,139028,7
3822,139163,7
3833,139265,9
3889,139900,23
3955,140520,7
3986,140904,7
4066,141740,8
4083,141958,23
4109,142158,7
4115,142211,9
4174,142867,8
4183,142987,9
4199,143152,9
4225,143369,7
4233,143475,7
4241,143549,8
4257,143675,7
4295,144137,8
4326,144457,8
4347,144641,9
4351,144662,8
4353,144693,7
4368,144823,8
4404,145227,7
4406,145256,7
4419,145407,9
4510,146376,9
4542,146712,7
4551,146805,7
4558,146883,23
4568,146986,7
4581,147118,7
4586,147170,9
4597,147284,7
4620,147511,8
4671,148085,8
4677,148159,9
4731,148754,8
4747,148897,23
4778,149188,7
4793,149323,9
4818,149572,7
4859,149929,9
4862,149979,9
4865,150015,8
4898,150330,9
4917,150528,9
4976,151105,7
5020,151483,9
5077,152025,7
5229,153780,7
5242,153911,23
5247,153986,23
5254,154051,23
5260,154115,8
5264,154148,8
5284,154409,7
5345,154951,7
5362,155098,8
5363,155104,23
5388,155344,7
5414,155596,8
5431,155800,7
5525,156664,23
5531,156747,7
5551,156928,7
5622,157497,7
5631,157604,23
5694,158123,7
5724,158437,9
5735,158571,8
5737,158580,9
5749,158727,8
5762,158788,23
5813,159229,23
5818,159261,9
5838,159538,7
5843,159571,9
5857,159715,9
5861,159743,9
5865,159784,7
5879,159940,8
5881,159968,7
5933,160495,7
5939,160516,7
5940,160517,23
5951,160599,7
5965,160706,8
5975,160797,8
6004,161118,7
6012,161184,23
6014,161203,7
6027,161302,9
6047,161516,23
6140,162424,23
6153,162536,23
6164,162625,9
6174,162764,7
6259,163631,23
6260,163643,23
6286,163880,8
6300,164050,9
6326,164318,8
6360,164712,7
6374,164879,7
6385,165051,23
6396,165151,23
6409,165258,9
6457,165762,8
6479,165997,9
6509,166412,8
6547,166834,7
6570,167023,12
6571,167031,8
6586,167154,9
6763,169045,23
6787,169222,8
6789,169233,12
6818,169569,8
6830,169665,9
6834,169713,23
6857,170045,23
6866,170132,8
6876,170286,8
6893,170421,7
6903,170539,7
6906,170579,7
6910,170643,9
6930,170881,8
6952,171084,7
6958,171162,23
6964,171216,7
6972,171273,8
6974,171284,9
6975,171310,23
6986,171395,23
6990,171418,23
6992,171423,7
6994,171437,8
6995,171448,7
7036,171976,8
7060,172251,7
7080,172446,7
7117,172842,7
7126,172888,23
7130,172934,7
7157,173167,7
7174,173338,8
7178,173378,23
7191,173513,23
7221,173816,9
7236,173946,23
7244,174032,8
7283,174396,23
7342,174951,9
7345,174983,23
7364,175160,7
7421,175718,7
7438,175908,7
7459,176044,8
7487,176290,9
7516,176547,7
7518,176570,8
7524,176669,23
7532,176747,23
7544,176858,8
7602,177408,8
7614,177532,7
7620,177567,9
7692,178387,23
7713,178608,7
7714,178652,7
7750,178983,7
7800,179491,7
7830,179833,7
7849,180001,23
7850,180009,7
7872,180314,23
7890,180470,7
7914,180708,8
7916,180733,7
7917,180749,8
7937,180917,8
7950,181025,23
7956,181111,12
7973,181199,23
7996,181379,7
8003,181422,23
8015,181529,23
8069,182043,8
8136,182643,9
8211,183462,23
8214,183503,9
8226,183609,23
8248,183839,9
8279,184161,7
8291,184292,7
8351,184747,8
8399,185252,9
8400,185254,9
8406,185305,8
8441,185679,9
8449,185762,7
8467,185988,9
8485,186180,9
8501,186344,7
8506,186399,23
8534,186641,8
8566,186897,8
8600,187253,8
8602,187269,7
8664,187900,8
8666,187908,8
8687,188103,8
8689,188107,9
8730,188449,12
8743,188565,7
8755,188718,8
8765,188828,8
8774,188909,12
8803,189208,23
8806,189249,8
8850,189881,7
8857,189969,7
8860,189983,23
8878,190239,8
8909,190621,8
8923,190741,23
8989,191393,23
9019,191736,23
9034,191886,8
9047,192007,8
9072,192306,8
9083,192412,9
9087,192502,8
9122,192805,9
9128,192851,23
9146,192980,7
9152,193048,9
9182,193386,7
9188,193450,9
9237,193860,7
9258,194031,9
9259,194047,9
9280,194281,9
9291,194411,8
9303,194504,8
9352,194898,7
9355,194905,9
9381,195093,7
9385,195155,23
9388,195179,8
9390,195184,9
9401,195251,7
9430,195453,7
9447,195651,8
9462,195891,8
9463,195897,7
9485,196091,23
9502,196317,7
9506,196361,23
9515,196490,7
9522,196570,7
9542,196738,23
9556,196887,8
9564,196967,8
9566,196980,23
9594,197206,9
9622,197453,8
9639,197628,8
9643,197682,7
9651,197757,23
9673,197971,8
9698,198234,8
9702,198279,9
9723,198432,9
9737,198615,23
9785,199016,9
9786,199030,8
9792,199093,7
9793,199101,9
9815,199279,7
9826,199355,8
9828,199387,23
9846,199555,23
9856,199624,8
9862,199677,7
9890,199961,7
9922,200237,7
9926,200289,9
9956,200613,7
9969,200725,8
9972,200765,8
10014,201138,8
10038,201332,7
10050,201480,7
10059,201624,23
10122,202284,23
10157,202609,8
10173,202757,7
10200,203015,12
10219,203159,23
10262,203566,8
10314,204111,23
10384,204816,9
10410,205063,8
10411,205071,7
10443,205349,8
10471,205632,23
10476,205689,9
10497,205933,23
10502,205982,8
10542,206421,7
10565,206614,9
10566,206624,23
10569,206663,8
10625,207189,7
10633,207273,7
10651,207459,7
10677,207663,7
10688,207717,8
10700,207853,23
10711,207941,8
10716,207988,9
10755,208395,7
10785,208703,23
10790,208739,9
10801,208843,12
10808,208934,9
10820,209066,7
10829,209230,7
10843,209336,9
10868,209589,8
10872,209618,23
10878,209672,7
10907,210041,7
10956,210520,7
11029,211247,7
11045,211463,7
11065,211703,8
11089,211994,8
11125,212365,23
11160,212667,8
11187,212894,23
11226,213235,9
11235,213337,8
11240,213362,7
11269,213654,8
11272,213686,8
11289,213870,9
11318,214125,7
11334,214276,23
11345,214388,8
11349,214412,8
11363,214491,7
11379,214657,7
11401,214826,9
11402,214831,8
11416,214930,23
11449,215360,8
11451,215374,7
11457,215431,7
11485,215669,9
11497,215808,9
11513,215953,9
11522,216018,8
11612,217000,23
11615,217006,8
11640,217176,9
11641,217181,9
11664,217404,7
11688,217611,8
11692,217645,7
11704,217781,7
11771,218405,9
11830,218916,8
11911,219829,7
11922,219951,7
11923,219958,23
11949,220146,7
12008,220628,8
12014,220705,23
12019,220751,23
12034,220929,8
12065,221190,8
12121,221763,9
12149,222059,9
12155,222112,7
12158,222133,12
12185,222377,7
12200,222639,7
12207,222736,8
12243,223081,9
12272,223330,7
12299,223603,8
12361,224182,9
12367,224267,7
12369,224308,7
12376,224361,8
12406,224659,8
12419,224758,7
12462,225172,9
12472,225293,9
12481,225375,9
12512,225689,8
12517,225718,7
12527,225814,9
12545,225963,7
12549,225979,9
12554,225996,8
12556,226010,9
12559,226054,8
12598,226468,9
12600,226472,23
12655,227001,8
12663,227043,7
12667,227078,9
12705,227447,7
12707,227456,8
12721,227644,23
12779,228138,7
12785,228189,8
12839,228788,8
12843,228837,9
12848,228861,8
12886,229167,8
12908,229387,7
12918,229482,23
12920,229507,9
12938,229654,7
12971,229982,8
12980,230040,8
12981,230042,9
13057,230707,7
13088,230976,23
13092,231051,7
13098,231120,7
13157,231748,8
13159,231796,8
13210,232285,7
13220,232361,12
13238,232504,9
13284,232965,8
13297,233115,7
13298,233124,8
13320,233403,7
13331,233468,23
13346,233646,9
13357,233730,23
13393,234033,9
13479,234879,8
13510,235233,8
13521,235377,12
13555,235867,9
13581,236156,7
13604,236383,9
13634,236621,7
13636,236637,23
13692,237150,7
13717,237332,7
13763,237827,7
13789,238060,7
13796,238141,9
13828,238439,12
13875,238906,9
13936,239495,8
13941,239552,7
13978,239999,7
13979,240040,23
13984,240095,23
14011,240406,7
14025,240508,23
14028,240542,23
14035,240602,7
14097,241249,7
14115,241450,23
14117,241470,7
14127,241711,23
14133,241738,23
14141,241777,7
14171,242094,8
14192,242272,7
14204,242385,8
14212,242475,9
14240,242885,8
14247,242969,8
14250,242979,8
14291,243401,8
14319,243638,23
14337,243793,8
14342,243822,7
14367,244058,9
14381,244160,9
14383,244230,8
14527,245547,7
14534,245644,23
14544,245743,23
14584,246192,9
14597,246287,7
14627,246573,7
14640,246719,23
14644,246749,7
14682,247155,23
14711,247434,8
14720,247498,8
14744,247770,8
14762,247927,7
14763,247929,23
14788,248180,23
14795,248264,8
14821,248509,8
14844,248742,8
14854,248789,8
14878,249031,9
14879,249039,8
14904,249269,7
14908,249317,23
14909,249334,8
14911,249345,7
14967,249950,8
14970,249964,8
14994,250091,9
15033,250527,23
15046,250674,9
15047,250683,23
15057,250845,9
15084,251045,7
15086,251065,9
15101,251194,23
15120,251344,9
15174,251886,8
15181,251930,7
15216,252287,7
15218,252353,9
15232,252446,7
15286,252874,9
15320,253241,9
15337,253412,8
15350,253511,9
15357,253608,9
15382,253849,9
15438,254386,23
15442,254412,9
15452,254510,23
15474,254747,7
15476,254769,7
15479,254834,9
15505,255119,9
15509,255140,7
15521,255213,9
15539,255482,9
15589,256160,7
15621,256527,8
15687,257347,9
15690,257367,8
15721,257695,9
15734,257814,23
15743,257885,23
15745,257888,9
15777,258247,7
15836,258987,23
15870,259366,23
15893,259558,8
15914,259799,8
15936,259984,7
15942,260055,8
15956,260206,9
16001,260682,9
16008,260793,8
16012,260822,23
16015,260832,7
16030,261041,7
16063,261415,8
16078,261553,8
16090,261658,8
16160,262348,9
16185,262595,8
16208,262768,7
16215,262811,8
16229,262965,9
16244,263134,7
16255,263231,23
16278,263549,8
16279,263570,7
16284,263633,9
16347,264147,8
16360,264295,7
16420,264835,23
16454,265142,7
16471,265323,7
16501,265630,7
16542,266048,23
16561,266307,9
16585,266562,7
16591,266608,9
16606,266755,9
16658,267266,7
16671,267311,9
16678,267373,9
16699,267514,8
16703,267549,8
16721,267741,9
16727,267761,7
16757,268057,23
16861,269095,7
16897,269523,8
16921,269744,7
16945,269904,8
17008,270449,8
17010,270465,23
17029,270688,7
17056,270926,9
17065,271061,7
17077,271157,8
17131,271674,23
17155,271901,7
17178,272136,8
17193,272263,7
17199,272329,7
17213,272483,9
17221,272557,7
17281,273060,23
17312,273315,7
17370,273924,9
17392,274103,8
17416,274345,8
17440,274564,23
17455,274683,7
17463,274780,8
17488,274975,7
17526,275372,7
17562,275730,9
17588,275985,7
17634,276405,7
17657,276752,8
17662,276804,23
17736,277595,8
17745,277635,7
17813,278262,7
17846,278605,23
17847,278620,8
17907,279317,8
17919,279473,7
17934,279622,23
17939,279651,8
17943,279679,8
17974,280042,9
17996,280182,8
17997,280204,8
18018,280389,9
18041,280607,8
18054,280740,7
18101,281213,7
18113,281285,23
18127,281410,8
18133,281473,23
18143,281546,23
18146,281560,23
18151,281619,8
18168,281826,7
18180,281923,9
18233,282454,7
18292,283058,9
18298,283157,8
18316,283317,23
18342,283514,7
18355,283615,8
18371,283768,23
18376,283819,7
18458,284553,8
18494,284986,8
18498,285068,7
18550,285524,7
18573,285783,9
18574,285797,23
18588,285901,7
18591,285926,7
18607,286076,7
18615,286187,7
18633,286324,9
18663,286573,9
18684,286807,23
18703,286972,8
18741,287262,23
18795,287803,8
18796,287805,23
18817,287970,9
18876,288745,8
19002,290067,8
19012,290136,9
19046,290486,8
19055,290574,23
19057,290579,8
19058,290583,23
19101,290966,23
19102,290979,9
19128,291346,8
19204,291994,7
19216,292158,7
19269,292679,23
19287,292936,7
19365,293798,7
19376,293906,8
19381,293950,23
19436,294435,23
19457,294607,8
19532,295388,23
19540,295510,9
19553,295669,7
19565,295783,23
19571,295824,23
19605,296101,12
19620,296225,8
19672,296852,7
19682,296910,7
19689,297010,7
19708,297212,9
19710,297219,8
19742,297548,7
19836,298481,8
19887,298943,23
19896,299016,12
19963,299635,8
19964,299638,7
19971,299679,9
20092,300850,9
20096,300878,9
20108,301016,23
20110,301024,8
20114,301061,7
20165,301565,23
20225,302093,9
20232,302153,9
20310,302841,23
20321,302891,9
20333,303025,9
20343,303078,7
20353,303165,9
20442,304108,8
20463,304447,8
20474,304502,9
20512,304888,8
20660,306503,12
20684,306814,9
20685,306842,7
20700,306993,7
20815,308002,7
20885,308512,9
20900,308606,9
20903,308663,9
20939,308883,7
20941,308897,7
20952,309029,9
20963,309090,8
20968,309128,9
20971,309150,8
20984,309296,8
21009,309494,7
21077,310246,7
21114,310643,8
21116,310679,7
21129,310836,8
21136,310933,9
21161,311245,9
21221,311702,9
21262,312065,23
21268,312158,23
21292,312494,7
21320,312754,8
21343,312955,23
21379,313283,12
21442,313923,8
21445,313945,7
21459,314075,9
21490,314441,8
21585,315210,7
21591,315282,23
21649,315925,23
21666,316091,7
21690,316457,8
21700,316592,7
21723,316864,8
21732,316918,8
21763,317229,9
21777,317395,7
21795,317644,9
21799,317709,9
21822,317905,9
21936,319191,7
21946,319252,7
22046,320228,9
22048,320230,7
22064,320344,23
22103,320752,7
22139,321017,8
22142,321054,23
22158,321172,7
22162,321218,8
22195,321543,8
22246,322068,23
22268,322287,23
22288,322468,9
22290,322476,8
22299,322540,8
22314,322674,9
22322,322757,23
22372,323181,23
22380,323247,8
22384,323282,7
22432,323812,7
22434,323831,8
22450,324005,8
22451,324009,8
22476,324225,7
22488,324318,8
22494,324373,7
22499,324428,8
22531,324756,7
22533,324765,9
22586,325221,7
22596,325345,7
22602,325392,23
22634,325665,7
22635,325666,7
22641,325713,23
22648,325762,23
22651,325815,9
22672,326030,8
22708,326441,8
22713,326503,7
22740,326716,23
22765,326895,23
22781,327117,8
22788,327194,8
22799,327278,23
22802,327319,8
22830,327642,8
22838,327736,23
22848,327849,9
22918,328656,8
22922,328692,7
22953,328945,8
22969,329074,9
22975,329127,23
23003,329394,8
23005,329438,7
23012,329548,8
23024,329656,9
23069,330147,7
23093,330330,8
23096,330393,7
23129,330683,7
23173,330989,7
23184,331111,7
23210,331424,9
23240,331692,8
23244,331712,7
23260,331846,9
23264,331871,23
23299,332259,9
23320,332406,23
23336,332550,7
23404,333353,9
23408,333397,23
23440,333733,8
23449,333822,23
23454,333874,8
23500,334372,7
23519,334554,7
23520,334575,7
23527,334616,9
23581,335209,8
23597,335315,7
23612,335486,7
23633,335712,9
23639,335750,8
23652,335880,7
23673,336175,7
23687,336279,12
23694,336369,9
23747,336894,7
23763,337113,23
23778,337219,7
23829,337735,9
23853,337896,7
23887,338297,7
23906,338378,7
23913,338497,23
23951,338892,23
23966,339051,23
23967,339059,9
23976,339171,9
23986,339267,7
24007,339466,7
24020,339613,12
24096,340297,7
24121,340561,7
24139,340683,12
24156,340986,23
24164,341105,7
24188,341376,7
24193,341428,9
24196,341462,12
24216,341707,23
24231,341902,9
24255,342222,9
24282,342421,7
24286,342459,7
24309,342674,8
24345,342945,7
24403,343622,9
24441,343973,8
24455,344033,8
24476,344247,23
24529,344697,7
24579,345249,7
24599,345446,8
24635,345896,23
24679,346408,8
24683,346439,7
24698,346542,7
24711,346715,8
24715,346762,7
24748,347139,23
24760,347235,7
24830,347962,23
24833,347973,9
24849,348120,9
24872,348328,23
24874,348347,8
24889,348444,23
24928,348915,9
24935,348948,7
24939,348990,7
24957,349171,7
24961,349185,9
24982,349417,23
25032,349901,9
25037,349974,7
25082,350534,9
25092,350622,23
25169,351419,8
25197,351712,7
25207,351792,23
25254,352255,7
25276,352563,7
25303,352846,9
25318,352985,8
25320,353002,9
25347,353228,23
25370,353461,23
25387,353562,23
25430,354060,8
25438,354152,23
25458,354316,7
25462,354350,9
25484,354638,23
25501,354863,7
25532,355190,8
25551,355354,9
25552,355357,7
25573,355542,9
25576,355548,9
25607,355841,7
25622,355931,8
25623,355979,23
25640,356130,8
25653,356316,8
25682,356627,9
25728,357088,7
25731,357120,8
25738,357168,9
25780,357516,9
25795,357672,7
25840,358144,12
25854,358370,23
25879,358593,7
25934,359106,23
25949,359276,7
25963,359443,9
25983,359603,9
26029,360038,7
26035,360136,8
26043,360203,7
26048,360227,8
26084,360628,7
26109,360908,7
26116,360976,9
26165,361582,8
26177,361719,7
26203,361966,7
26272,362678,7
26303,363001,8
26314,363116,8
26318,363165,7
26343,363429,9
26356,363577,7
26394,363997,7
26435,364378,7
26471,364733,7
26474,364748,8
26495,364959,7
26525,365283,7
26531,365332,8
26542,365398,7
26573,365648,23
26585,365726,8
26637,366186,9
26682,366656,9
26704,366848,23
26761,367271,8
26894,368472,8
26960,369113,8
27012,369592,23
27023,369694,8
27029,369771,7
27046,369906,8
27071,370216,7
27151,371087,8
27200,371564,7
27203,371624,7
27233,371933,9
27235,371940,7
27238,372007,9
27277,372444,8
27294,372617,8
27326,373076,9
27381,373637,9
27386,373672,7
27472,374432,23
27488,374582,23
27491,374591,8
27538,375130,7
27547,375175,23
27570,375426,8
27586,375552,7
27627,375989,9
27643,376171,7
27663,376429,7
27669,376502,8
27684,376683,7
27686,376699,7
27689,376740,9
27699,376866,8
27714,376985,7
27766,377455,7
27794,377709,7
27820,377984,8
27823,378028,7
27839,378197,7
27867,378495,8
27878,378670,8
27888,378753,9
27893,378789,7
27897,378800,23
27921,379061,23
27933,379142,9
27943,379219,9
27978,379564,8
27988,379644,8
28021,379920,7
28102,380709,9
28111,380817,9
28124,380928,23
28172,381443,7
28191,381615,7
28234,381981,7
28259,382162,8
28270,382272,12
28282,382394,9
28313,382656,23
28318,382690,7
28355,383066,7
28373,383294,8
28379,383338,23
28384,383378,8
28387,383397,9
28389,383417,8
28398,383513,9
28402,383572,7
28450,384038,9
28526,384758,8
28556,384986,9
28641,385790,23
28656,385954,8
28681,386191,9
28711,386557,9
28726,386714,7
28775,387236,9
28778,387293,7
28781,387307,7
28789,387396,7
28792,387410,9
28857,388019,7
28882,388289,7
28883,388290,9
28884,388333,8
28898,388422,7
28903,388528,7
28961,389076,7
28964,389097,7
28975,389247,7
29030,389900,7
29079,390397,23
29082,390405,23
29111,390701,7
29136,390989,8
29179,391369,8
29204,391590,9
29260,392209,7
29308,392600,8
29424,393822,7
29454,394121,8
29471,394281,9
29510,394672,7
29565,395221,7
29571,395251,23
29582,395373,9
29603,395601,8
29606,395654,9
29611,395713,8
29671,396349,7
29678,396406,7
29679,396434,9
29684,396497,23
29703,396697,7
29731,397025,8
29734,397104,9
29758,397430,9
29793,397838,7
29803,397930,23
29807,397986,8
29833,398250,7
29903,398856,8
29943,399228,8
29958,399388,23
29976,399562,7
29981,399636,8
30017,399950,7
30037,400117,8
30041,400138,9
30078,400414,8
30080,400423,8
30104,400581,9
30151,400966,9
30193,401355,7
30223,401643,8
30239,401794,9
30269,402088,8
30330,402825,8
30355,403083,9
30360,403139,7
30381,403363,8
30397,403501,9
30398,403505,9
30405,403590,8
30494,404502,7
30502,404608,8
30503,404617,9
30510,404682,7
30517,404711,9
30519,404745,7
30548,405049,7
30556,405135,7
30578,405361,9
30582,405406,12
30594,405524,7
30627,405789,9
30663,406158,7
30669,406215,9
30686,406320,7
30698,406403,8
30713,406545,8
30714,406556,8
30718,406613,7
30736,406759,8
30761,407015,12
30781,407212,12
30786,407294,7
30789,407325,7
30830,407669,23
30836,407780,23
30862,408020,7
30899,408386,7
30915,408536,9
30952,408899,8
30966,408984,7
30995,409318,9
31025,409539,7
31038,409641,8
31078,410035,23
31091,410159,8
31119,410416,23
31131,410544,9
31135,410570,9
31141,410633,9
31178,410968,23
31180,410985,8
31342,412575,8
31358,412747,7
31371,412870,7
31406,413218,8
31408,413229,9
31418,413322,8
31470,413831,23
31487,413966,23
31513,414245,7
31518,414323,23
31577,414895,23
31589,414991,9
31620,415420,23
31621,415423,23
31646,415616,9
31656,415694,8
31673,415853,23
31700,416084,7
31715,416183,8
31720,416225,7
31741,416410,8
31743,416453,9
31802,416999,23
31803,417008,7
31820,417191,9
31838,417388,9
31846,417481,8
31848,417548,9
31857,417595,23
31860,417621,8
31868,417737,9
31870,417765,7
31878,417858,7
31923,418254,23
31964,418762,7
32032,419553,23
32123,420505,7
32138,420675,9
32152,420888,23
32192,421466,8
32297,422613,7
32376,423243,9
32379,423263,9
32380,423266,8
32404,423523,8
32423,423710,8
32430,423770,7
32444,423934,8
32472,424209,9
32495,424407,23
32498,424421,9
32504,424486,8
32506,424513,7
32511,424557,9
32536,424837,8
32537,424841,9
32539,424845,8
32559,425053,8
32567,425148,9
32568,425150,23
32576,425282,23
32585,425436,7
32605,425662,23
32679,426391,8
32725,426916,8
32749,427110,7
32762,427199,7
32778,427362,8
32788,427448,7
32799,427531,7
32800,427539,7
32814,427685,9
32816,427725,8
32851,428034,9
32887,428381,8
32959,429064,8
32985,429240,8
32986,429248,8
32990,429272,7
32997,429354,8
33027,429648,7
33038,429765,9
33089,430251,8
33103,430409,8
33121,430610,23
33126,430641,7
33134,430751,8
33164,431053,23
33198,431402,9
33236,431755,8
33242,431788,9
33254,431896,7
33270,431999,9
33272,432029,9
33283,432092,23
33301,432297,8
33306,432342,8
33310,432371,23
33355,432812,23
33365,432940,9
33366,432949,7
33468,434139,7
33474,434211,9
33487,434386,7
33490,434446,8
33499,434527,8
33516,434780,23
33567,435315,23
33594,435505,7
33654,436063,7
33661,436111,7
33664,436141,23
33702,436595,9
33724,436807,8
33758,437218,9
33778,437458,9
33859,438286,7
33875,438466,7
33876,438477,9
33900,438763,7
33913,438829,9
33922,438958,8
33963,439475,8
33986,439817,7
33998,439978,8
34018,440195,9
34022,440225,8
34036,440399,7
34038,440417,9
34084,440861,7
34119,441130,9
34122,441142,8
34134,441276,23
34177,441787,8
34190,441937,8
34198,442025,23
34203,442120,9
34205,442148,8
34220,442329,9
34229,442408,23
34262,442779,7
34268,442830,23
34334,443471,23
34336,443474,8
34378,443963,8
34396,444314,8
34398,444328,9
34415,444520,9
34437,444692,7
34451,444836,8
34454,444864,9
34475,445104,9
34499,445408,7
34525,445617,9
34537,445726,7
34566,446090,8
34585,446281,23
34628,446775,9
34662,447096,23
34668,447152,8
34698,447510,9
34748,448063,7
34749,448077,9
34760,448175,8
34784,448408,23
34817,448801,23
34830,448935,9
34840,449000,7
34865,449260,7
34868,449268,23
34881,449405,8
34968,450458,23
35019,450859,8
35068,451419,7
35075,451526,7
35095,451762,9
35102,451807,23
35104,451821,7
35122,451976,7
35139,452120,8
35196,452708,8
35218,452874,7
35271,453377,23
35281,453450,7
35293,453568,8
35302,453655,9
35304,453670,8
35341,454101,9
35364,454257,7
35420,454741,23
35422,454763,7
35424,454772,7
35497,455473,7
35503,455503,7
35569,456144,23
35574,456214,7
35614,456637,8
35649,457025,7
35691,457399,8
35743,457911,7
35765,458153,23
35775,458268,8
35783,458333,8
35797,458445,7
35882,459283,8
35893,459396,7
35905,459505,7
35944,459851,8
35948,459897,8
35967,460162,7
36022,460871,7
36036,460981,8
36073,461335,7
36146,462174,23
36171,462404,7
36183,462540,7
36194,462664,7
36238,463143,9
36266,463447,7
36275,463526,7
36317,463942,8
36369,464450,23
36404,464796,9
36444,465298,23
36445,465300,7
36471,465565,7
36475,465613,7
36534,466140,7
36552,466318,7
36596,466782,23
36642,467265,8
36731,468039,7
36746,468206,8
36750,468232,7
36763,468347,9
36764,468374,8
36768,468430,8
36774,468514,9
36804,468820,8
36835,469112,8
36848,469223,8
36903,469790,9
36905,469807,7
36910,469845,8
36917,469907,9
36926,470033,9
36939,470151,7
36962,470384,7
36977,470495,7
36979,470514,8
36988,470578,9
36990,470585,23
36994,470621,9
37031,470930,8
37044,471059,23
37095,471455,9
37110,471647,7
37165,472176,8
37169,472222,8
37197,472622,9
37210,472779,8
37217,472839,23
37248,473190,7
37251,473210,7
37351,474138,23
37359,474267,23
37384,474521,23
37432,474984,7
37457,475176,9
37462,475246,8
37463,475252,7
37483,475474,9
37510,475744,23
37537,476013,9
37546,476067,7
37576,476420,7
37586,476494,7
37633,476992,23
37699,477688,7
37763,478412,9
37767,478439,7
37769,478474,23
37779,478553,7
37801,478785,7
37827,479028,7
37841,479156,23
37842,479165,9
37863,479331,23
37877,479421,23
37913,479689,9
38007,480612,7
38031,480832,8
38042,480906,7
38056,481045,8
38064,481085,7
38073,481207,23
38123,481520,7
38124,481547,8
38129,481589,9
38161,481949,7
38182,482147,8
38189,482176,8
38197,482255,8
38229,482493,8
38288,483036,8
38289,483073,7
38307,483263,8
38339,483564,9
38343,483616,8
38352,483729,7
38378,484006,23
38379,484014,23
38443,484700,7
38444,484706,9
38445,484708,8
38457,484883,7
38498,485231,8
38515,485443,7
38555,485838,7
38569,485950,9
38620,486437,9
38667,486919,8
38685,487072,7
38698,487241,8
38708,487330,7
38749,487679,8
38758,487740,23
38802,488247,8
38845,488731,9
38854,488824,7
38886,489276,7
38923,489621,23
38987,490284,23
39018,490555,9
39035,490661,23
39067,490999,8
39083,491117,8
39152,491801,7
39166,491910,7
39188,492091,8
39192,492136,9
39201,492249,7
39232,492602,8
39256,493023,23
39332,493802,9
39349,493966,23
39366,494135,9
39380,494279,9
39411,494596,23
39422,494716,23
39521,495791,23
39523,495812,23
39560,496176,7
39571,496295,8
39619,496673,8
39622,496690,7
39625,496746,8
39642,496969,23
39645,497073,8
39653,497177,7
39686,497521,7
39688,497529,9
39708,497725,8
39739,498031,8
39765,498319,8
39808,498708,8
39817,498794,9
39829,498860,23
39845,499040,8
39904,499627,8
39917,499779,7
39931,499864,7
39951,500028,23
39966,500195,9
40001,500592,23
40004,500617,9
40046,500993,8
40051,501063,9
40058,501107,7
40094,501600,9
40112,501729,7
40154,502243,23
40209,502746,9
40263,503298,8
40300,503668,8
40319,503839,7
40354,504139,23
40366,504357,9
40380,504454,8
40418,504826,23
40457,505172,23
40483,505393,7
40517,505824,23
40527,505928,9
40682,507442,23
40727,507827,9
40732,507875,7
40752,508113,23
40767,508308,9
40774,508360,8
40785,508452,8
40791,508519,8
40792,508527,7
40800,508582,7
40810,508673,7
40839,508974,7
40872,509259,7
40876,509275,7
40889,509393,7
40894,509449,8
40911,509590,8
40919,509683,8
40947,509949,7
40960,510074,23
41071,511149,9
41078,511228,8
41112,511603,8
41119,511673,8
41152,511990,23
41217,512689,7
41219,512705,7
41234,512877,8
41249,512986,9
41255,513041,8
41278,513276,23
41299,513478,23
41301,513493,8
41303,513537,9
41359,514053,8
41385,514385,7
41415,514613,7
41429,514686,23
41439,514785,23
41485,515137,8
41502,515302,9
41543,515610,8
41595,516163,9
41629,516424,7
41647,516641,7
41667,516822,23
41675,516881,9
41703,517058,8
41723,517323,7
41761,517696,9
41771,517775,9
41773,517822,9
41784,517986,9
41814,518212,9
41831,518363,7
41835,518381,23
41846,518456,9
41859,518549,7
41863,518589,8
41866,518609,23
41884,518839,8
41899,519006,7
41935,519341,23
41970,519727,7
41973,519766,23
41974,519767,23
41996,519959,8
42017,520117,7
42025,520152,8
42031,520218,8
42032,520226,8
42036,520253,7
42050,520419,7
42063,520525,9
42082,520683,23
42133,521160,9
42189,521727,9
42193,521823,9
42213,522061,8
42228,522159,9
42245,522303,8
42248,522316,7
42259,522453,23
42271,522536,8
42280,522647,8
42304,522893,7
42320,523005,8
42335,523174,7
42338,523205,7
42449,524381,7
42459,524473,7
42465,524536,8
42544,525338,23
42570,525641,7
42615,526024,9
42624,526123,9
42630,526203,23
42643,526373,9
42644,526375,9
42645,526379,7
42674,526711,23
42693,526924,23
42702,526990,12
42707,527116,8
42763,527682,8
42766,527708,23
42782,527906,9
42816,528211,23
42841,528475,8
42860,528694,8
42864,528727,8
42884,528898,7
42886,528904,8
42890,528953,7
42928,529261,8
42952,529439,7
42981,529752,7
42989,529811,23
43041,530375,8
43102,530929,23
43119,531044,23
43125,531105,23
43162,531453,8
43189,531676,8
43194,531754,9
43226,532024,23
43245,532173,7
43265,532344,7
43285,532584,8
43320,533020,9
43330,533083,7
43335,533099,7
43365,533351,23
43382,533540,23
43389,533577,8
43461,534314,23
43516,534862,8
43524,534934,23
43540,535152,8
43548,535257,7
43556,535333,7
43569,535507,8
43573,535561,7
43597,535802,8
43616,535998,7
43644,536327,8
43690,536829,8
43725,537152,7
43726,537153,9
43760,537546,7
43808,537898,23
43896,538787,8
43914,538938,9
43930,539050,7
43975,539454,8
43993,539668,7
44025,540012,7
44026,540045,7
44028,540077,7
44040,540175,9
44102,540794,23
44135,541100,7
44228,542155,12
44261,542442,7
44300,542878,23
44326,543164,8
44328,543226,7
44332,543257,7
44338,543315,9
44346,543385,8
44358,543586,7
44363,543637,7
44394,543858,23
44406,543935,9
44421,544043,23
44424,544063,8
44459,544494,8
44465,544528,9
44467,544539,7
44471,544582,8
44588,545730,7
44649,546325,23
44657,546403,23
44666,546489,23
44677,546651,7
44700,546843,9
44710,546921,8
44718,547012,7
44720,547050,23
44722,547059,23
44725,547075,9
44727,547082,8
44728,547098,12
44741,547242,7
44747,547313,7
44748,547344,9
44753,547384,23
44755,547392,9
44795,547778,9
44796,547783,7
44837,548255,23
44856,548432,8
44898,548953,23
44910,549066,7
44915,549098,7
44926,549206,7
44959,549534,7
44980,549682,7
44998,549892,8
45004,549950,7
45050,550334,9
45061,550464,7
45062,550472,8
45071,550539,8
45089,550744,9
45130,551171,9
45170,551641,9
45175,551668,8
45205,551912,23
45209,551928,8
45234,552169,8
45253,552401,7
45273,552566,23
45348,553304,7
45358,553435,7
45395,553734,23
45417,553963,8
45453,554359,7
45457,554400,9
45519,554914,7
45559,555343,7
45578,555474,9
45582,555507,9
45585,555548,9
45592,555606,23
45614,555773,23
45628,555938,12
45635,556015,23
45643,556072,23
45646,556108,7
45647,556114,9
45655,556213,8
45680,556422,8
45715,556767,8
45761,557103,8
45770,557237,7
45801,557514,7
45803,557521,23
45804,557530,7
45807,557548,23
45811,557586,8
45860,558117,9
45888,558385,8
45902,558524,23
45928,558779,8
45939,558909,7
46104,560693,7
46112,560785,9
46132,561009,7
46172,561445,23
46180,561509,9
46193,561617,7
46238,562038,8
46254,562149,7
46286,562472,8
46294,562521,9
46295,562533,8
46314,562638,7
46321,562698,7
46328,562774,23
46398,563471,9
46415,563689,9
46421,563765,8
46460,564114,23
46483,564404,8
46505,564658,8
46510,564679,8
46544,565106,7
46603,565622,23
46606,565630,9
46632,565819,7
46704,566610,9
46715,566704,9
46767,567154,23
46780,567310,7
46788,567373,23
46923,568577,8
47008,569465,23
47011,569473,9
47022,569597,23
47030,569756,7
47034,569787,9
47063,570008,7
47122,570495,8
47131,570612,23
47179,571150,8
47248,571919,9
47257,571999,9
47282,572176,7
47324,572594,9
47345,572770,8
47421,573534,23
47471,573990,8
47503,574369,9
47532,574690,7
47554,574907,23
47565,574994,23
47620,575506,9
47639,575774,7
47641,575793,23
47642,575794,7
47670,575991,8
47695,576256,7
47700,576300,7
47723,576531,8
47732,576623,8
47747,576770,23
47767,576943,8
47773,576985,23
47775,576999,7
47778,577029,9
47785,577057,7
47792,577120,7
47887,578141,23
47911,578391,7
47970,579050,23
47985,579171,7
47986,579182,23
47989,579195,8
47994,579281,23
48006,579430,23
48019,579527,9
48037,579661,7
48063,579957,8
48079,580076,8
48125,580505,8
48131,580524,23
48199,581280,9
48224,581539,8
48242,581644,7
48255,581790,23
48263,581862,8
48264,581866,7
48266,581870,23
48282,582019,7
48304,582179,9
48358,582625,7
48368,582740,9
48372,582772,7
48397,582983,7
48411,583140,8
48413,583150,12
48415,583170,7
48418,583193,8
48428,583257,23
48430,583280,23
48433,583311,8
48449,583467,9
48476,583695,8
48477,583705,7
48487,583837,7
48491,583930,23
48492,583932,23
48530,584267,9
48537,584323,23
48647,585372,8
48682,585701,9
48689,585767,7
48692,585783,7
48712,585953,9
48731,586106,9
48748,586302,9
48762,586470,8
48769,586549,7
48792,586886,7
48800,586918,23
48847,587379,23
48874,587619,8
49018,589190,23
49020,589197,7
49037,589341,7
49041,589348,9
49045,589377,8
49069,589583,9
49075,589633,7
49144,590519,9
49145,590526,7
49162,590727,8
49169,590789,7
49183,590942,23
49209,591180,23
49240,591497,8
49257,591678,8
49279,591855,8
49280,591869,7
49296,592000,9
49310,592126,8
49312,592186,9
49330,592350,7
49332,592359,9
49345,592450,12
49371,592719,8
49380,592811,9
49388,592899,7
49397,592942,8
49417,593089,8
49452,593472,7
49470,593637,9
49484,593806,8
49485,593821,23
49520,594240,8
49538,594415,9
49539,594427,9
49558,594648,7
49579,594939,8
49623,595370,8
49705,596092,9
49714,596197,9
49743,596412,8
49751,596522,9
49818,597152,8
49838,597398,9
49912,598044,9
49924,598218,7
49926,598252,23
49939,598400,9
50004,599018,7
50049,599450,8
50050,599466,8
50082,599869,7
50087,599893,7
50107,600035,23
50119,600122,23
50140,600313,7
50153,600432,7
50169,600620,7
50193,600815,7
50214,601014,7
50220,601103,9
50224,601146,8
50257,601431,9
50278,601565,23
50314,601885,8
50315,601914,23
50321,601973,23
50339,602118,23
50347,602195,8
50363,602340,9
50379,602411,8
50381,602414,9
50388,602461,9
50424,602879,7
50457,603235,12
50502,603739,23
50535,604096,7
50542,604141,8
50554,604256,8
50563,604336,9
50592,604610,7
50658,605293,7
50674,605478,7
50688,605563,8
50708,605703,7
50711,605738,9
50731,605924,8
50781,606472,23
50791,606619,9
50793,606636,7
50812,606805,7
50822,606877,9
50835,607039,7
50852,607208,9
50893,607613,9
50915,607900,8
50982,608498,23
50991,608599,8
50993,608624,8
50994,608632,7
51005,608733,8
51016,608788,23
51024,608895,9
51032,608967,8
51041,609047,8
51061,609224,23
51073,609344,7
51087,609434,8
51139,609989,7
51159,610161,9
51223,610678,8
51297,611590,9
51316,611889,23
51325,611960,9
51333,612042,23
51379,612608,23
51488,613780,9
51491,613799,8
51509,613998,9
51511,614019,7
51558,614506,9
51574,614728,7
51596,614958,23
51621,615173,8
51627,615225,8
51639,615363,8
51647,615429,23
51664,615566,7
51673,615628,7
51760,616396,9
51762,616421,12
51774,616538,7
51793,616706,9
51812,616859,23
51836,617081,8
51838,617125,8
51844,617178,23
51853,617317,7
51877,617621,7
51888,617747,8
51931,618154,9
51980,618721,8
51981,618722,7
51995,618837,9
52033,619189,8
52045,619340,23
52103,619860,7
52136,620155,8
52210,621029,8
52237,621277,9
52262,621522,7
52266,621553,8
52292,621785,23
52302,621900,9
52337,622252,9
52367,622556,23
52411,622978,8
52458,623413,7
52469,623504,9
52534,624159,9
52540,624208,8
52573,624612,9
52580,624656,8
52592,624733,7
52595,624740,9
52619,624932,7
52647,625190,23
52657,625276,8
52701,625755,8
52710,625868,9
52736,626080,23
52739,626104,23
52765,626415,7
52767,626437,23
52772,626489,7
52824,627157,8
52825,627167,23
52839,627344,8
52863,627569,9
52886,627909,7
52902,628028,7
52904,628048,7
52924,628235,9
52930,628295,8
52940,628347,8
52943,628421,8
52961,628570,23
52962,628608,23
52976,628784,9
52988,628907,23
52990,628932,7
52998,628993,8
53029,629290,7
53073,629712,8
53095,629962,8
53133,630304,23
53146,630442,7
53151,630471,23
53190,630909,7
53201,631045,9
53232,631414,9
53252,631650,23
53254,631667,7
53286,631954,7
53288,631968,9
53307,632224,9
53308,632237,7
53316,632328,9
53323,632398,9
53336,632521,8
53340,632588,23
53355,632747,23
53400,633241,8
53409,633318,7
53428,633569,23
53451,633798,7
53474,634010,12
53485,634120,7
53549,634725,8
53555,634777,8
53593,635218,9
53619,635506,9
53627,635588,23
53649,635843,8
53690,636146,8
53711,636355,7
53758,636895,7
53763,636921,7
53770,637012,7
53782,637132,7
53805,637318,8
53824,637560,8
53835,637687,23
53838,637753,7
53855,637952,23
53866,638059,23
53901,638354,9
53902,638362,23
53974,639067,23
54011,639417,9
54025,639583,8
54043,639772,12
54085,640200,23
54091,640245,9
54144,640826,9
54164,641088,8
54165,641089,23
54166,641091,7
54170,641132,8
54171,641133,8
54190,641255,23
54209,641440,7
54305,642328,9
54313,642432,7
54319,642537,9
54324,642591,7
54354,642888,8
54384,643206,23
54427,643670,8
54504,644372,7
54507,644399,9
54532,644581,23
54559,644879,12
54560,644890,9
54567,644978,8
54568,644995,8
54577,645112,7
54588,645218,8
54596,645357,8
54620,645560,8
54692,646278,7
54701,646360,7
54707,646416,8
54725,646600,7
54740,646800,7
54741,646801,9
54760,647053,9
54792,647359,7
54841,647853,7
54856,648058,7
54883,648311,7
54884,648317,7
54897,648441,7
54941,648986,23
54954,649073,7
55009,649666,9
55042,650046,8
55057,650125,7
55069,650236,7
55122,650825,23
55172,651275,7
55281,652282,8
55307,652514,7
55320,652599,8
55333,652714,23
55382,653187,7
55390,653255,9
55395,653309,8
55406,653379,7
55423,653568,8
55425,653582,8
55449,653766,8
55450,653779,7
55527,654609,9
55582,655005,9
55616,655375,23
55626,655479,23
55785,657317,8
55817,657726,9
55843,657999,9
55852,658060,7
55855,658104,7
55861,658189,8
55882,658388,23
55916,658665,23
55922,658712,8
55946,658905,7
55985,659246,7
55999,659405,9
56013,659511,23
56019,659598,9
56053,659820,7
56226,661503,7
56265,661885,7
56274,662070,7
56290,662164,9
56299,662243,8
56308,662346,9
56324,662546,8
56325,662553,8
56329,662583,7
56341,662667,9
56398,663272,7
56404,663349,8
56465,663950,8
56476,664032,8
56505,664333,7
56565,664897,8
56570,664936,8
56602,665314,8
56638,665658,9
56710,666368,9
56715,666413,12
56746,666674,12
56781,666978,8
56785,667026,12
56801,667210,8
56843,667548,9
56849,667703,8
56862,667850,9
56866,667880,9
56871,667923,8
56879,668007,9
56907,668358,23
56913,668412,7
56922,668504,7
56964,668998,23
56973,669088,9
57010,669415,7
57063,669975,8
57064,669980,7
57110,670364,8
57124,670452,8
57129,670487,8
57131,670493,23
57168,670838,7
57191,671055,9
57226,671442,8
57278,672014,9
57287,672079,9
57305,672226,9
57320,672372,7
57348,672586,9
57370,672763,8
57410,673234,7
57428,673423,9
57432,673457,7
57456,673725,7
57471,673903,7
57486,674078,9
57523,674541,8
57553,674830,7
57555,674841,7
57557,674884,7
57567,675000,9
57590,675200,7
57603,675309,7
57609,675387,9
57627,675650,7
57640,675776,9
57701,676444,8
57705,676494,9
57709,676530,9
57719,676643,7
57722,676675,7
57787,677387,8
57842,677925,8
57849,678013,23
57905,678536,7
57908,678576,8
57931,678790,7
57934,678811,7
57992,679423,9
58007,679570,7
58012,679631,9
58074,680248,8
58082,680315,9
58088,680347,8
58098,680417,9
58140,680870,8
58164,681253,23
58216,681760,9
58223,681797,8
58232,681917,23
58235,681957,9
58247,682051,23
58272,682304,7
58339,683014,7
58350,683126,8
58363,683294,8
58366,683314,9
58381,683395,8
58396,683539,9
58397,683565,7
58400,683586,7
58460,684205,9
58498,684586,9
58609,685905,23
58658,686400,9
58664,686434,7
58667,686465,7
58693,686637,8
58711,686878,7
58760,687233,23
58764,687282,7
58774,687401,8
58802,687697,9
58804,687746,7
58807,687756,7
58816,687851,8
58825,687972,7
58864,688406,8
58867,688429,8
58920,688976,8
58975,689596,23
59033,690249,23
59040,690330,8
59074,690620,23
59075,690627,23
59078,690655,9
59097,690907,7
59100,690936,7
59106,690945,23
59120,691097,8
59149,691348,7
59160,691485,7
59177,691631,23
59228,692153,7
59244,692341,9
59274,692582,7
59353,693610,7
59417,694192,9
59429,694273,9
59464,694678,23
59499,694996,7
59512,695161,7
59571,695696,9
59574,695708,7
59585,695785,9
59586,695786,9
59605,695936,9
59634,696265,23
59683,696733,8
59692,696772,7
59705,696907,23
59712,697019,7
59748,697281,8
59755,697331,8
59805,697950,9
59809,697979,23
59819,698103,7
59822,698141,23
59828,698198,8
59831,698214,7
59856,698522,7
59859,698549,8
59868,698590,8
59874,698633,23
59898,698861,7
59917,699040,7
59925,699128,9
59941,699251,23
59956,699416,7
59960,699476,8
59963,699536,7
59979,699698,8
59987,699745,8
60015,700005,9
60034,700174,8
60070,700493,23
60075,700564,7
60085,700673,9
60100,700813,9
60128,701144,8
60160,701494,8
60246,702331,8
60268,702591,9
60324,703185,9
60351,703525,23
60393,703917,23
60403,704056,7
60436,704404,9
60443,704479,8
60513,705200,9
60541,705484,8
60552,705569,23
60555,705588,7
60556,705590,23
60582,705784,7
60608,706013,8
60630,706210,23
60643,706348,8
60732,707115,23
60745,707224,9
60776,707532,9
60777,707544,7
60842,708267,8
60859,708486,8
60870,708587,9
60885,708766,23
60887,708777,7
60898,708842,7
60918,709102,7
60976,709663,8
61020,710106,7
61093,710817,7
61101,710945,9
61129,711192,23
61133,711234,9
61177,711681,23
61181,711726,7
61193,711839,7
61241,712344,9
61256,712488,7
61301,712953,8
61314,713075,7
61323,713157,8
61343,713437,7
61354,713523,23
61356,713571,9
61390,713971,9
61470,714796,9
61472,714837,8
61551,715627,9
61576,715931,23
61609,716262,8
61622,716349,23
61674,716753,23
61684,716882,9
61689,716923,23
61695,717021,7
61724,717196,23
61769,717606,8
61794,717873,7
61816,718060,7
61822,718139,8
61853,718420,9
61887,718782,9
61889,718806,9
61956,719380,9
61996,719665,8
62024,719936,9
62039,720068,8
62065,720385,9
62069,720408,9
62077,720481,9
62084,720587,8
62088,720657,7
62090,720680,9
62124,720983,7
62144,721177,9
62171,721424,23
62237,721922,8
62258,722138,9
62261,722151,7
62274,722342,23
62299,722600,8
62331,723048,8
62393,723623,9
62397,723658,9
62478,724386,7
62518,724825,8
62534,724973,23
62537,725032,23
62585,725551,9
62619,725924,8
62621,725948,9
62651,726289,8
62671,726450,7
62695,726689,23
62700,726730,8
62714,726860,9
62718,726897,9
62745,727246,7
62807,727777,9
62871,728364,8
62891,728565,8
62912,728721,7
62929,728903,9
62942,729057,9
62946,729114,7
62967,729330,8
62970,729349,7
62977,729428,8
63006,729668,23
63054,730176,23
63063,730276,9
63072,730349,9
63135,730917,23
63153,731069,8
63161,731142,9
63187,731400,8
63203,731511,7
63210,731571,23
63213,731617,8
63232,731747,7
63309,732549,9
63315,732609,7
63323,732711,7
63415,733509,7
63437,733713,9
63450,733810,7
63462,733902,7
63490,734200,7
63493,734230,7
63500,734312,7
63519,734456,8
63569,734887,7
63599,735275,8
63710,736355,9
63714,736398,7
63736,736616,7
63741,736641,8
63751,736760,23
63789,737234,23
63790,737236,9
63805,737397,7
63832,737701,8
63851,737977,9
63874,738207,8
63890,738371,8
63922,738738,7
63930,738854,7
63985,739331,8
64086,740430,9
64094,740468,9
64126,740759,9
64197,741515,9
64244,742088,12
64301,742715,23
64321,742872,7
64344,743125,8
64355,743275,7
64407,743730,7
64471,744434,23
64490,744669,8
64494,744740,9
64499,744776,23
64519,744962,7
64566,745511,8
64592,745833,7
64620,746137,7
64663,746545,23
64686,746710,23
64689,746762,23
64727,747097,9
64756,747472,8
64819,748089,8
64827,748217,8
64847,748409,8
64858,748486,23
64869,748576,23
64876,748640,8
64887,748744,7
64966,749503,8
64999,749767,7
65005,749816,8
65020,750005,23
65028,750058,7
65029,750079,7
65030,750080,8
65047,750258,7
65051,750292,8
65056,750333,23
65077,750546,7
65081,750564,9
65153,751276,7
65168,751412,7
65182,751562,7
65191,751682,9
65218,751942,8
65228,752118,23
65235,752162,8
65242,752221,8
65254,752370,7
65297,752868,23
65338,753250,8
65395,753816,7
65444,754396,7
65483,754886,9
65504,755096,7
65506,755129,23
65510,755148,23
65519,755293,9
65520,755299,23
65602,756069,8
65698,757035,9
65721,757274,7
65790,757848,12
65878,758739,7
65887,758847,23
65916,759137,7
65945,759436,8
65995,759933,8
65998,759953,23
66007,760038,23
66009,760048,9
66017,760089,23
66019,760115,23
66047,760338,23
66063,760535,7
66065,760574,9
66072,760623,7
66115,761230,7
66132,761382,8
66157,761603,9
66201,761983,9
66206,762013,8
66235,762211,8
66246,762314,7
66333,763359,8
66335,763363,7
66340,763403,23
66359,763634,8
66397,763966,7
66433,764367,7
66445,764459,7
66465,764644,8
66476,764805,23
66481,764857,23
66495,764968,8
66502,765065,9
66517,765229,8
66572,765660,7
66582,765732,7
66605,766006,7
66610,766086,7
66624,766187,8
66673,766642,23
66688,766777,7
66706,766976,23
66707,767000,8
66739,767314,8
66780,767753,23
66786,767804,8
66826,768202,8
66828,768230,9
66850,768597,8
66856,768630,8
66858,768637,8
66904,769089,7
66941,769497,7
66969,769891,23
66976,769978,23
66983,770069,23
67015,770323,7
67042,770550,8
67064,770808,8
67065,770817,9
67108,771254,9
67170,771836,8
67212,772244,7
67247,772619,7
67391,774348,23
67397,774405,8
67490,775433,23
67497,775504,9
67557,776017,9
67558,776024,7
67581,776247,7
67604,776564,23
67635,776828,8
67650,777022,9
67656,777076,8
67669,777204,23
67730,777847,7
67748,778047,8
67767,778225,9
67777,778287,8
67795,778436,8
67856,779023,23
67877,779234,9
67879,779250,7
67916,779638,7
67966,780118,8
67977,780226,8
67981,780245,7
68042,780861,23
68054,781017,8
68097,781468,7
68107,781556,8
68110,781585,9
68145,781948,8
68177,782267,23
68185,782338,23
68243,782984,7
68250,783091,7
68257,783167,9
68264,783246,9
68270,783312,7
68281,783433,8
68288,783486,8
68309,783622,7
68385,784514,7
68405,784673,8
68489,785601,23
68560,786317,23
68578,786540,23
68591,786663,7
68595,786727,7
68609,786814,23
68629,787011,23
68646,787144,9
68650,787168,7
68661,787306,23
68734,788049,8
68745,788136,8
68831,789086,23
68858,789321,9
68885,789531,9
68929,789950,7
68983,790574,7
68994,790699,7
69012,790833,9
69079,791450,23
69081,791472,8
69086,791499,9
69104,791631,8
69109,791675,8
69129,791930,7
69148,792108,7
69183,792597,7
69211,792965,9
69230,793098,7
69235,793109,7
69238,793165,8
69247,793279,7
69277,793534,23
69292,793669,9
69301,793760,23
69361,794377,23
69402,794821,9
69441,795156,23
69487,795697,8
69501,795867,8
69505,795923,23
69539,796292,23
69542,796304,23
69558,796416,7
69559,796424,9
69601,796871,7
69615,796999,23
69641,797254,23
69669,797496,7
69682,797689,23
69696,797864,8
69711,797964,23
69719,798069,8
69728,798164,9
69733,798222,7
69749,798459,9
69763,798637,7
69764,798650,9
69782,798807,7
69804,799064,23
69825,799301,9
69922,800271,8
69943,800611,9
69944,800615,9
70100,802238,9
70118,802320,7
70131,802467,9
70142,802545,7
70145,802570,9
70153,802652,8
70163,802742,9
70225,803288,23
70227,803304,9
70239,803410,23
70243,803445,8
70272,803756,8
70319,804199,8
70321,804212,23
70441,805460,7
70444,805482,23
70484,805885,9
70501,805989,7
70523,806166,7
70573,806536,9
70617,806902,7
70666,807398,7
70717,807822,8
70718,807824,8
70732,808025,23
70750,808266,9
70783,808644,9
70790,808725,8
70823,809019,9
70829,809068,8
70843,809254,8
70849,809320,7
70850,809354,9
70944,810252,7
70946,810266,23
70979,810562,23
70990,810633,23
71014,810816,8
71038,811062,9
71043,811112,7
71092,811617,9
71093,811629,23
71142,812153,12
71154,812271,23
71168,812451,7
71216,812917,8
71223,812944,23
71237,813078,23
71241,813099,23
71257,813217,23
71272,813355,23
71276,813387,23
71284,813423,7
71294,813537,8
71321,813851,8
71336,814021,8
71349,814129,9
71359,814218,7
71387,814496,8
71421,814943,23
71455,815202,9
71465,815309,7
71482,815471,7
71522,815925,7
71570,816375,7
71571,816397,8
71583,816465,9
71592,816548,8
71617,816811,9
71645,817152,7
71682,817467,9
71709,817626,7
71714,817685,9
71719,817743,7
71728,817802,8
71730,817821,7
71770,818152,23
71818,818546,9
71837,818800,8
71859,818986,7
71864,819039,9
71867,819050,8
71868,819060,9
71894,819295,9
71899,819351,9
71943,819708,8
71981,820043,8
71997,820148,12
72017,820312,9
72029,820438,7
72060,820780,8
72064,820804,9
72065,820805,23
72070,820872,7
72173,822020,7
72178,822053,23
72181,822104,9
72276,822993,7
72302,823209,9
72316,823340,7
72364,823947,23
72406,824366,8
72449,824833,7
72453,824853,9
72475,824974,7
72512,825333,7
72536,825544,8
72559,825781,7
72562,825801,9
72564,825817,7
72612,826205,8
72615,826239,8
72624,826295,8
72635,826408,8
72648,826534,8
72662,826676,7
72667,826702,7
72672,826767,8
72698,827001,7
72710,827109,8
72732,827315,9
72744,827438,8
72792,827915,9
72837,828410,7
72859,828693,9
72869,828765,7
72904,829090,9
72916,829234,8
72919,829240,23
72951,829560,8
72964,829741,23
72976,829864,8
72983,829937,8
72988,829998,7
73008,830192,7
73037,830439,8
73066,830710,8
73081,830830,7
73082,830844,7
73101,830992,9
73118,831163,9
73157,831646,23
73158,831656,7
73258,832548,8
73265,832625,9
73271,832738,7
73350,833540,23
73383,833951,7
73396,834044,9
73404,834147,7
73440,834608,7
73452,834728,7
73460,834837,7
73507,835276,7
73508,835299,23
73516,835389,7
73548,835751,7
73563,836010,7
73564,836027,8
73587,836254,8
73615,836502,23
73626,836596,9
73668,836971,23
73669,836972,23
73708,837337,9
73711,837355,9
73719,837463,7
73722,837487,23
73800,838203,7
73802,838246,9
73813,838353,23
73815,838395,7
73833,838610,7
73842,838678,23
73862,838871,9
73870,838950,8
73883,839079,9
73901,839280,8
73918,839448,8
73934,839576,7
73942,839674,9
73960,839850,7
73974,839982,23
74013,840424,7
74020,840534,7
74027,840579,9
74039,840688,7
74041,840700,7
74089,841145,9
74118,841457,8
74132,841598,23
74151,841759,9
74171,842058,7
74177,842133,23
74180,842170,9
74224,842519,23
74252,842761,8
74258,842836,8
74272,842977,8
74348,843716,9
74425,844419,23
74510,845208,8
74531,845435,23
74536,845506,23
74560,845758,7
74602,846197,23
74652,846583,8
74687,846976,23
74690,847014,7
74698,847054,7
74699,847056,8
74727,847423,23
74760,847740,8
74804,848125,8
74857,848639,7
74910,849164,7
74943,849556,9
74948,849623,9
74974,849809,8
74980,849848,8
75009,850193,23
75056,850780,23
75064,850828,8
75082,851094,9
75086,851116,7
75091,851137,9
75110,851379,7
75112,851402,7
75120,851482,7
75146,851765,7
75167,851947,8
75172,852017,7
75190,852135,8
75204,852317,9
75233,852632,7
75241,852742,9
75250,852826,7
75278,853076,8
75335,853745,9
75392,854226,7
75410,854450,9
75414,854477,7
75419,854503,7
75434,854675,7
75468,855014,8
75487,855154,23
75529,855586,9
75540,855706,9
75542,855714,7
75554,855794,9
75558,855827,9
75564,855894,7
75576,855992,23
75594,856169,9
75608,856283,7
75609,856286,8
75611,856309,23
75630,856563,7
75635,856592,9
75640,856661,7
75676,857089,9
75690,857225,23
75701,857352,8
75733,857596,9
75734,857605,23
75737,857645,9
75761,857902,9
75769,857955,7
75788,858107,8
75792,858134,8
75806,858324,9
75819,858480,7
75841,858665,23
75903,859311,8
75941,859664,23
75975,860058,9
75993,860181,7
76010,860324,7
76043,860645,9
76068,860868,9
76072,860955,23
76085,861072,7
76095,861168,7
76197,862192,9
76222,862542,7
76226,862610,23
76247,862888,7
76297,863334,23
76315,863500,7
76322,863548,8
76337,863704,7
76368,864064,9
76383,864197,7
76411,864412,7
76439,864748,8
76477,865026,8
76543,865706,8
76544,865722,9
76556,865802,8
76560,865814,23
76561,865819,8
76577,866022,7
76612,866358,7
76626,866527,8
76724,867384,8
76739,867530,8
76740,867544,8
76747,867583,7
76758,867653,7
76759,867667,9
76762,867683,8
76779,867890,7
76793,868016,8
76796,868045,9
76805,868142,9
76815,868195,8
76824,868237,9
76892,868846,23
76896,868904,9
76909,869096,7
76911,869197,8
76913,869241,7
76920,869300,23
76925,869357,23
76952,869555,7
76961,869638,7
76974,869736,23
77013,870147,9
77019,870206,23
77046,870590,9
77047,870605,23
77050,870633,7
77065,870786,7
77068,870871,23
77108,871204,9
77117,871263,7
77126,871325,7
77141,871464,7
77145,871482,8
77149,871536,23
77157,871622,9
77161,871700,7
77163,871705,9
77180,871910,9
77187,871949,8
77193,872013,7
77200,872041,8
77206,872112,8
77228,872329,9
77284,872831,7
77311,873085,23
77339,873340,7
77356,873480,7
77396,873887,23
77460,874623,7
77476,874728,8
77497,874943,9
77538,875440,7
77555,875563,23
77567,875661,23
77585,875910,23
77588,875946,8
77590,875964,7
77652,876565,7
77698,876975,7
77709,877030,23
77717,877170,8
77728,877271,7
77731,877283,7
77750,877511,8
77792,877828,9
77838,878300,9
77860,878574,7
77914,878995,8
77938,879244,9
77956,879411,9
77989,879736,9
77996,879798,8
78007,879910,7
78009,879941,8
78042,880316,23
78055,880377,7
78065,880456,9
78067,880465,8
78077,880580,9
78078,880586,7
78083,880622,8
78087,880672,9
78111,880884,9
78135,881139,12
78160,881398,9
78172,881507,12
78186,881594,7
78201,881790,9
78222,881983,7
78232,882124,8
78247,882259,8
78259,882357,9
78277,882497,7
78278,882500,9
78284,882578,8
78289,882598,9
78316,882824,7
78366,883307,9
78384,883586,7
78407,883822,7
78419,883924,9
78422,883970,23
78432,884109,8
78441,884209,9
78462,884455,23
78490,884728,23
78496,884799,7
78510,884927,8
78565,885576,23
78578,885652,9
78581,885700,7
78588,885759,9
78599,885868,7
78649,886293,8
78663,886551,9
78698,886868,8
78712,887015,8
78756,887418,8
78805,887848,7
78823,887981,7
78828,887998,7
78834,888047,9
78839,888120,23
78852,888251,7
78855,888257,7
78872,888360,7
78898,888567,8
78984,889481,8
78993,889589,7
79036,889988,7
79061,890355,8
79072,890478,9
79075,890505,7
79085,890698,8
79087,890709,8
79089,890736,23
79102,890854,7
79113,891018,23
79131,891136,8
79142,891275,23
79180,891700,9
79196,891819,7
79238,892269,23
79253,892399,9
79255,892430,9
79257,892440,9
79258,892446,7
79266,892581,9
79267,892589,23
79284,892734,7
79290,892775,8
79296,892866,8
79299,892904,23
79335,893281,7
79397,894004,9
79432,894316,23
79457,894505,23
79478,894653,9
79484,894681,8
79500,894868,7
79529,895124,7
79552,895298,8
79562,895418,9
79602,895883,9
79614,895939,7
79642,896232,9
79706,896896,9
79723,897019,8
79724,897022,7
79753,897289,8
79765,897456,23
79779,897587,8
79796,897766,7
79807,897834,8
79821,897996,9
79824,898030,23
79828,898074,9
79852,898364,7
79901,898882,9
79920,899078,9
79936,899203,8
79965,899522,23
79984,899729,23
80010,900063,8
80013,900098,23
80021,900222,7
80044,900431,9
80054,900507,9
80075,900652,7
80102,900905,7
80105,900916,23
80127,901141,8
80145,901363,9
80152,901420,7
80165,901549,7
80178,901659,7
80245,902424,9
80256,902474,7
80265,902549,7
80300,902877,23
80381,903723,7
80423,904150,7
80429,904275,9
80451,904477,9
80502,905116,8
80513,905217,8
80529,905412,7
80569,905800,7
80599,906087,9
80604,906123,7
80616,906228,8
80708,907010,7
80709,907016,7
80724,907157,9
80752,907397,23
80761,907509,8
80780,907716,23
80851,908443,8
80880,908701,8
80905,908992,7
80923,909157,9
80987,909823,23
81038,910336,8
81054,910470,7
81066,910598,7
81103,910996,9
81181,911775,8
81190,911851,7
81205,911999,9
81233,912284,7
81262,912525,7
81265,912623,7
81287,912800,8
81293,912848,7
81305,912991,9
81337,913312,7
81384,913707,23
81386,913723,9
81420,914055,8
81461,914468,7
81465,914534,8
81500,914762,9
81544,915116,9
81555,915210,7
81566,915271,9
81570,915313,7
81590,915569,7
81593,915602,7
81635,916054,9
81642,916093,7
81676,916388,9
81679,916398,8
81690,916475,23
81726,916859,7
81749,917081,23
81790,917545,7
81794,917589,7
81807,917681,23
81815,917740,9
81823,917788,8
81834,917902,23
81835,917927,7
81836,917929,23
81840,917973,9
81863,918193,7
81878,918324,23
81958,918979,9
81960,919026,7
81969,919149,7
81987,919332,7
82023,919655,7
82056,919903,8
82072,920055,7
82081,920102,7
82111,920413,8
82133,920575,23
82149,920755,8
82159,920839,9
82213,921373,7
82220,921401,8
82222,921417,7
82227,921467,9
82299,922156,8
82313,922341,9
82333,922585,23
82335,922603,23
82341,922640,8
82344,922675,7
82383,923164,8
82385,923181,9
82431,923586,8
82446,923722,23
82463,923897,8
82473,923988,8
82479,924034,7
82493,924201,23
82497,924268,9
82570,924842,8
82615,925339,7
82626,925466,7
82648,925684,23
82658,925816,9
82664,925849,7
82671,925915,8
82674,925959,7
82710,926297,23
82726,926511,23
82744,926730,8
82756,926856,7
82765,926939,8
82802,927362,23
82870,928022,8
82876,928070,7
82962,928998,9
82976,929156,8
82988,929298,23
83015,929592,8
83031,929766,7
83054,929959,23
83058,929996,9
83079,930142,23
83177,931145,9
83191,931278,9
83204,931400,8
83246,931800,9
83252,931824,23
83288,932226,7
83292,932254,7
83301,932351,23
83326,932689,7
83374,933144,9
83385,933222,7
83386,933229,7
83409,933444,8
83416,933536,9
83447,933785,8
83450,933841,8
83486,934123,7
83489,934145,7
83516,934357,8
83529,934468,8
83542,934563,23
83560,934742,8
83567,934856,7
83578,935003,7
83585,935047,9
83614,935403,23
83629,935564,7
83704,936352,23
83707,936384,8
83735,936649,8
83758,936848,23
83760,936885,8
83791,937149,7
83796,937160,8
83809,937346,7
83865,937876,7
83876,937945,8
83878,937971,8
83916,938245,9
83931,938392,9
83983,938895,23
84014,939090,8
84057,939558,7
84117,940018,8
84166,940520,9
84209,941035,8
84212,941105,23
84222,941215,23
84252,941567,7
84287,941890,7
84382,942671,9
84393,942731,9
84397,942770,8
84404,942848,8
84444,943211,7
84479,943564,9
84486,943613,23
84488,943625,7
84500,943773,8
84529,944087,7
84530,944090,23
84536,944132,7
84556,944336,9
84582,944521,8
84598,944686,8
84632,945033,7
84647,945255,7
84664,945514,7
84669,945543,7
84673,945618,23
84688,945816,8
84737,946482,23
84745,946539,8
84782,946941,9
84827,947350,8
84852,947568,8
84860,947680,23
84861,947688,23
84868,947781,7
84880,947860,7
84912,948180,8
84916,948239,23
84928,948367,7
84966,948714,7
84970,948734,9
84985,948924,8
84994,949010,23
84998,949038,8
85026,949328,7
85028,949366,8
85053,949626,23
85099,950154,7
85100,950161,23
85139,950525,8
85176,950898,7
85218,951302,7
85272,951787,7
85339,952695,23
85359,952995,8
85369,953099,23
85406,953425,23
85419,953514,7
85469,953943,23
85502,954248,9
85505,954265,23
85524,954477,23
85582,955003,23
85598,955180,7
85601,955221,23
85653,955753,23
85766,956736,8
85769,956759,9
85815,957169,8
85844,957418,7
85853,957528,23
85872,957710,23
85881,957753,9
85926,958183,7
85940,958327,23
85943,958348,7
86008,959041,12
86039,959257,9
86053,959455,8
86103,960129,9
86117,960228,8
86126,960297,9
86189,960961,7
86191,960984,9
86197,961078,7
86209,961173,7
86227,961407,7
86254,961622,7
86261,961691,7
86264,961706,12
86291,961997,9
86309,962143,8
86327,962407,23
86334,962457,23
86348,962598,7
86368,962803,12
86387,962936,23
86397,963035,23
86410,963114,8
86491,964000,7
86494,964064,9
86516,964309,8
86572,964864,8
86617,965325,7
86634,965518,7
86668,965810,9
86705,966161,23
86722,966318,7
86817,967350,7
86865,967823,7
86880,968008,7
86979,968943,8
86994,969086,7
86998,969099,7
87068,969821,9
87090,970069,9
87129,970426,23
87263,971711,23
87285,971895,8
87290,971952,7
87313,972130,7
87319,972177,9
87321,972209,9
87344,972423,23
87349,972457,8
87354,972581,8
87360,972625,8
87363,972638,9
87370,972721,8
87410,973249,7
87433,973471,7
87445,973621,9
87526,974486,9
87537,974623,8
87538,974630,8
87573,975032,7
87639,975669,8
87650,975782,7
87682,976106,23
87692,976184,7
87706,976348,12
87709,976368,9
87725,976531,9
87741,976727,23
87749,976802,7
87787,977128,8
87788,977130,9
87809,977345,9
87849,977894,7
87872,978169,8
87905,978530,7
87915,978656,8
87960,979128,23
87969,979231,9
87988,979425,23
88002,979561,8
88040,979897,7
88045,979941,8
88058,980022,7
88069,980078,7
88075,980112,7
88089,980237,23
88096,980305,8
88115,980606,8
88190,981325,9
88208,981488,7
88234,981715,8
88256,982041,7
88260,982054,9
88262,982077,9
88299,982466,8
88329,982749,7
88346,982972,9
88393,983361,9
88438,983887,9
88493,984544,9
88505,984663,23
88513,984706,7
88579,985527,9
88581,985544,8
88584,985584,8
88620,985953,23
88624,985978,23
88639,986142,8
88657,986332,23
88700,986880,23
88750,987529,9
88794,987939,7
88807,988070,9
88810,988089,7
88813,988111,7
88879,988813,7
88885,988859,7
88906,989051,7
88908,989080,9
88921,989235,8
88952,989566,23
88972,989673,23
88999,989925,8
89033,990358,9
89042,990456,9
89054,990588,8
89066,990669,8
89089,990865,7
89106,990980,8
89170,991661,7
89190,991802,23
89225,992143,9
89240,992292,23
89270,992657,23
89377,993822,8
89394,994016,23
89399,994048,7
89410,994192,23
89413,994227,8
89415,994249,8
89424,994310,9
89461,994646,8
89476,994788,7
89520,995193,23
89526,995254,7
89535,995352,23
89556,995591,7
89591,995904,7
89606,996076,7
89627,996264,7
89650,996512,9
89686,996946,23
89742,997408,12
89746,997443,7
89769,997623,8
89773,997661,7
89777,997725,7
89789,997823,7
89798,997927,8
89809,998010,7
89815,998081,23
89878,998681,7
89904,998956,7
89906,998970,7
89908,998987,23
89936,999269,8
89941,999319,7
89961,999470,8
89968,999524,23
89980,999640,9
89996,999776,7
89998,999778,7
90005,999825,8
